HCP_ID,Recency,Frequency,Monetary,R,F,M,RFM_Score,Segment,Vaccine,Color_Code
1,13,20,484,4,4,4,12,Loyalist,A,New
2,52,21,554,4,4,4,12,Loyalist,A,New
3,6,16,442,4,3,3,10,Loyalist,A,Green
4,25,21,649,4,4,4,12,Loyalist,A,Green
5,48,18,477,4,3,4,11,Loyalist,A,Red
6,13,16,355,4,3,3,10,Loyalist,A,Green
7,583,2,39,1,1,1,3,Lost,A,
8,8,19,401,4,3,3,10,Loyalist,A,Green
9,19,14,360,4,3,3,10,Loyalist,A,Green
10,8,19,553,4,3,4,11,Loyalist,A,Red
11,40,17,462,4,3,3,10,Loyalist,A,Green
12,385,2,20,1,1,1,3,Lost,A,
13,7,24,629,4,4,4,12,Loyalist,A,Green
14,63,20,524,4,4,4,12,Loyalist,A,Green
15,154,15,464,2,3,3,8,Loyalist,A,Red
16,17,26,803,4,4,4,12,Loyalist,A,Green
17,25,21,514,4,4,4,12,Loyalist,A,Green
18,432,8,203,1,1,1,3,Lost,A,
19,374,8,168,1,1,1,3,Lost,A,
20,54,11,226,4,2,2,8,Loyalist,A,Green
21,4,23,512,4,4,4,12,Loyalist,A,Red
22,253,15,349,1,3,3,7,Fence-sitter,A,
23,57,22,544,4,4,4,12,Loyalist,A,Red
24,12,13,315,4,2,2,8,Loyalist,A,Green
25,3,17,312,4,3,2,9,Loyalist,A,Red
26,7,15,350,4,3,3,10,Loyalist,A,Green
27,502,3,18,1,1,1,3,Lost,A,
28,25,17,422,4,3,3,10,Loyalist,A,New
29,56,24,606,4,4,4,12,Loyalist,A,Red
30,39,21,547,4,4,4,12,Loyalist,A,Red
31,1,19,461,4,3,3,10,Loyalist,A,Green
32,49,18,473,4,3,3,10,Loyalist,A,Green
33,103,10,237,3,2,2,7,Fence-sitter,A,Red
34,73,12,370,4,2,3,9,Loyalist,A,Red
35,158,14,356,2,3,3,8,Loyalist,A,Red
36,22,26,811,4,4,4,12,Loyalist,A,Red
37,1,24,623,4,4,4,12,Loyalist,A,Red
38,32,8,320,4,1,2,7,Fence-sitter,A,Green
39,76,15,454,4,3,3,10,Loyalist,A,Red
40,55,15,332,4,3,2,9,Loyalist,A,Red
41,117,15,261,3,3,2,8,Loyalist,A,Red
42,151,6,229,2,1,2,5,Fence-sitter,A,Red
43,349,7,215,1,1,2,4,Lost,A,
44,28,10,287,4,2,2,8,Loyalist,A,Red
45,45,6,122,4,1,1,6,Fence-sitter,A,New
46,27,10,222,4,2,2,8,Loyalist,A,Green
47,34,19,513,4,3,4,11,Loyalist,A,New
48,68,3,105,4,1,1,6,Fence-sitter,A,New
49,10,7,172,4,1,1,6,Fence-sitter,A,Green
50,68,19,467,4,3,3,10,Loyalist,A,New
51,30,20,534,4,4,4,12,Loyalist,A,Red
52,28,22,645,4,4,4,12,Loyalist,A,Green
53,16,19,675,4,3,4,11,Loyalist,A,Green
54,220,2,71,1,1,1,3,Lost,A,
55,44,22,573,4,4,4,12,Loyalist,A,New
56,3,8,250,4,1,2,7,Fence-sitter,A,New
57,95,20,510,3,4,4,11,Loyalist,A,Red
58,1,15,377,4,3,3,10,Loyalist,A,Green
59,5,18,443,4,3,3,10,Loyalist,A,New
60,111,8,222,3,1,2,6,Fence-sitter,A,Red
61,105,14,345,3,3,3,9,Loyalist,A,Red
62,38,19,575,4,3,4,11,Loyalist,A,New
63,3,11,324,4,2,2,8,Loyalist,A,Red
64,395,7,190,1,1,1,3,Lost,A,
65,492,9,192,1,2,1,4,Lost,A,
66,41,9,222,4,2,2,8,Loyalist,A,New
67,338,5,110,1,1,1,3,Lost,A,
68,67,11,282,4,2,2,8,Loyalist,A,Green
69,6,20,485,4,4,4,12,Loyalist,A,Red
70,353,4,107,1,1,1,3,Lost,A,
71,115,22,481,3,4,4,11,Loyalist,A,Red
72,54,8,217,4,1,2,7,Fence-sitter,A,New
73,11,13,447,4,2,3,9,Loyalist,A,Red
74,105,18,476,3,3,3,9,Loyalist,A,Red
75,9,12,232,4,2,2,8,Loyalist,A,New
76,78,5,146,4,1,1,6,Fence-sitter,A,New
77,10,18,561,4,3,4,11,Loyalist,A,Green
78,346,21,641,1,4,4,9,Loyalist,A,
79,160,4,116,2,1,1,4,Lost,A,Red
80,268,7,184,1,1,1,3,Lost,A,
81,39,7,157,4,1,1,6,Fence-sitter,A,New
82,16,21,421,4,4,3,11,Loyalist,A,Green
83,74,16,524,4,3,4,11,Loyalist,A,Green
84,272,6,134,1,1,1,3,Lost,A,
85,10,14,332,4,3,2,9,Loyalist,A,Green
86,116,19,580,3,3,4,10,Loyalist,A,Red
87,54,11,275,4,2,2,8,Loyalist,A,Red
88,12,5,108,4,1,1,6,Fence-sitter,A,Green
89,24,16,400,4,3,3,10,Loyalist,A,Green
90,17,18,454,4,3,3,10,Loyalist,A,Green
91,61,14,350,4,3,3,10,Loyalist,A,Red
92,76,20,670,4,4,4,12,Loyalist,A,Green
93,39,23,604,4,4,4,12,Loyalist,A,Green
94,182,5,113,1,1,1,3,Lost,A,
95,56,16,341,4,3,2,9,Loyalist,A,Green
96,69,3,39,4,1,1,6,Fence-sitter,A,New
97,43,8,231,4,1,2,7,Fence-sitter,A,New
98,11,11,250,4,2,2,8,Loyalist,A,New
99,74,18,457,4,3,3,10,Loyalist,A,Red
100,196,13,346,1,2,3,6,Fence-sitter,A,
101,77,21,559,4,4,4,12,Loyalist,A,Red
102,57,13,435,4,2,3,9,Loyalist,A,Green
103,45,11,259,4,2,2,8,Loyalist,A,Green
104,134,3,92,2,1,1,4,Lost,A,Red
105,101,8,190,3,1,1,5,Fence-sitter,A,Red
106,43,22,554,4,4,4,12,Loyalist,A,Red
107,93,20,546,3,4,4,11,Loyalist,A,Red
108,6,17,525,4,3,4,11,Loyalist,A,Green
109,23,19,496,4,3,4,11,Loyalist,A,Green
110,2,19,627,4,3,4,11,Loyalist,A,Green
111,151,14,382,2,3,3,8,Loyalist,A,Red
112,62,7,187,4,1,1,6,Fence-sitter,A,New
113,98,9,223,3,2,2,7,Fence-sitter,A,Red
114,8,16,415,4,3,3,10,Loyalist,A,Green
115,61,15,379,4,3,3,10,Loyalist,A,Green
116,175,7,106,2,1,1,4,Lost,A,Red
117,5,18,438,4,3,3,10,Loyalist,A,Green
118,60,16,388,4,3,3,10,Loyalist,A,Amber
119,803,1,31,1,1,1,3,Lost,A,
120,113,10,309,3,2,2,7,Fence-sitter,A,Red
121,32,19,527,4,3,4,11,Loyalist,A,Red
122,19,8,163,4,1,1,6,Fence-sitter,A,New
123,47,24,554,4,4,4,12,Loyalist,A,Red
124,373,13,344,1,2,3,6,Fence-sitter,A,
125,18,24,623,4,4,4,12,Loyalist,A,New
126,2,15,309,4,3,2,9,Loyalist,A,New
127,83,12,305,4,2,2,8,Loyalist,A,Red
128,205,9,293,1,2,2,5,Fence-sitter,A,
129,64,11,264,4,2,2,8,Loyalist,A,New
130,3,16,430,4,3,3,10,Loyalist,A,Green
131,29,18,514,4,3,4,11,Loyalist,A,Green
132,37,20,452,4,4,3,11,Loyalist,A,New
133,203,3,60,1,1,1,3,Lost,A,
134,324,6,152,1,1,1,3,Lost,A,
135,43,17,429,4,3,3,10,Loyalist,A,New
136,20,20,475,4,4,3,11,Loyalist,A,Red
137,270,6,215,1,1,2,4,Lost,A,
138,72,16,375,4,3,3,10,Loyalist,A,Red
139,43,17,470,4,3,3,10,Loyalist,A,New
140,202,8,288,1,1,2,4,Lost,A,
141,77,9,211,4,2,2,8,Loyalist,A,New
142,1,23,695,4,4,4,12,Loyalist,A,Green
143,6,21,531,4,4,4,12,Loyalist,A,Red
144,1,25,666,4,4,4,12,Loyalist,A,Red
145,73,18,509,4,3,4,11,Loyalist,A,Red
146,47,21,492,4,4,4,12,Loyalist,A,Red
147,13,6,145,4,1,1,6,Fence-sitter,A,New
148,33,9,228,4,2,2,8,Loyalist,A,New
149,63,14,278,4,3,2,9,Loyalist,A,Green
150,132,9,228,2,2,2,6,Fence-sitter,A,Red
151,11,20,441,4,4,3,11,Loyalist,A,Green
152,38,15,398,4,3,3,10,Loyalist,A,Green
153,12,16,302,4,3,2,9,Loyalist,A,New
154,126,3,53,2,1,1,4,Lost,A,Red
155,34,17,364,4,3,3,10,Loyalist,A,Red
156,174,4,102,2,1,1,4,Lost,A,Red
157,225,16,370,1,3,3,7,Fence-sitter,A,
158,55,13,344,4,2,3,9,Loyalist,A,New
159,141,8,211,2,1,2,5,Fence-sitter,A,Red
160,34,20,620,4,4,4,12,Loyalist,A,Green
161,80,20,447,4,4,3,11,Loyalist,A,Green
162,46,11,310,4,2,2,8,Loyalist,A,Green
163,22,20,494,4,4,4,12,Loyalist,A,Red
164,68,18,451,4,3,3,10,Loyalist,A,Red
165,60,11,289,4,2,2,8,Loyalist,A,Red
166,78,11,320,4,2,2,8,Loyalist,A,New
167,114,8,158,3,1,1,5,Fence-sitter,A,Red
168,31,14,333,4,3,2,9,Loyalist,A,Amber
169,29,19,538,4,3,4,11,Loyalist,A,Red
170,113,10,188,3,2,1,6,Fence-sitter,A,Red
171,96,14,397,3,3,3,9,Loyalist,A,Red
172,15,18,422,4,3,3,10,Loyalist,A,Red
173,162,10,299,2,2,2,6,Fence-sitter,A,Red
174,8,14,238,4,3,2,9,Loyalist,A,Red
175,235,13,320,1,2,2,5,Fence-sitter,A,
176,65,24,520,4,4,4,12,Loyalist,A,Red
177,177,20,581,2,4,4,10,Loyalist,A,Red
178,125,6,191,2,1,1,4,Lost,A,Red
179,3,18,391,4,3,3,10,Loyalist,A,Red
180,33,23,448,4,4,3,11,Loyalist,A,Red
181,41,13,365,4,2,3,9,Loyalist,A,Amber
182,205,7,186,1,1,1,3,Lost,A,
183,25,15,331,4,3,2,9,Loyalist,A,Red
184,12,14,354,4,3,3,10,Loyalist,A,Green
185,92,8,225,3,1,2,6,Fence-sitter,A,Red
186,73,15,446,4,3,3,10,Loyalist,A,Red
187,59,22,712,4,4,4,12,Loyalist,A,Red
188,21,9,268,4,2,2,8,Loyalist,A,New
189,20,18,430,4,3,3,10,Loyalist,A,Green
190,86,10,220,4,2,2,8,Loyalist,A,New
191,80,15,452,4,3,3,10,Loyalist,A,Green
192,21,16,277,4,3,2,9,Loyalist,A,Green
193,614,6,110,1,1,1,3,Lost,A,
194,242,11,336,1,2,2,5,Fence-sitter,A,
195,153,5,152,2,1,1,4,Lost,A,Red
196,144,21,547,2,4,4,10,Loyalist,A,Red
197,45,24,590,4,4,4,12,Loyalist,A,Green
198,216,12,304,1,2,2,5,Fence-sitter,A,
199,61,13,405,4,2,3,9,Loyalist,A,New
200,28,7,216,4,1,2,7,Fence-sitter,A,New
201,38,12,275,4,2,2,8,Loyalist,A,New
202,99,9,270,3,2,2,7,Fence-sitter,A,Red
203,40,17,534,4,3,4,11,Loyalist,A,Red
204,43,19,396,4,3,3,10,Loyalist,A,Red
205,73,14,348,4,3,3,10,Loyalist,A,Green
206,4,12,415,4,2,3,9,Loyalist,A,Green
207,74,14,362,4,3,3,10,Loyalist,A,New
208,10,25,720,4,4,4,12,Loyalist,A,Green
209,167,18,368,2,3,3,8,Loyalist,A,Red
210,11,20,564,4,4,4,12,Loyalist,A,Red
211,8,22,537,4,4,4,12,Loyalist,A,Red
212,113,14,292,3,3,2,8,Loyalist,A,Red
213,145,7,159,2,1,1,4,Lost,A,Red
214,551,1,40,1,1,1,3,Lost,A,
215,71,20,490,4,4,4,12,Loyalist,A,Green
216,60,23,674,4,4,4,12,Loyalist,A,Red
217,163,16,448,2,3,3,8,Loyalist,A,Red
218,14,7,120,4,1,1,6,Fence-sitter,A,Green
219,118,10,203,3,2,1,6,Fence-sitter,A,Red
220,41,18,389,4,3,3,10,Loyalist,A,Green
221,50,12,258,4,2,2,8,Loyalist,A,Green
222,114,5,115,3,1,1,5,Fence-sitter,A,Red
223,136,10,229,2,2,2,6,Fence-sitter,A,Red
224,60,17,510,4,3,4,11,Loyalist,A,Green
225,300,8,221,1,1,2,4,Lost,A,
226,427,4,73,1,1,1,3,Lost,A,
227,266,3,50,1,1,1,3,Lost,A,
228,32,10,288,4,2,2,8,Loyalist,A,Red
229,37,24,523,4,4,4,12,Loyalist,A,Green
230,251,5,171,1,1,1,3,Lost,A,
231,46,23,501,4,4,4,12,Loyalist,A,Green
232,13,17,406,4,3,3,10,Loyalist,A,Green
233,140,14,377,2,3,3,8,Loyalist,A,Red
234,205,11,276,1,2,2,5,Fence-sitter,A,
235,28,3,105,4,1,1,6,Fence-sitter,A,Red
236,8,20,520,4,4,4,12,Loyalist,A,Red
237,17,12,298,4,2,2,8,Loyalist,A,Green
238,365,11,253,1,2,2,5,Fence-sitter,A,
239,68,17,265,4,3,2,9,Loyalist,A,New
240,13,17,451,4,3,3,10,Loyalist,A,New
241,83,7,131,4,1,1,6,Fence-sitter,A,New
242,82,6,88,4,1,1,6,Fence-sitter,A,New
243,69,13,345,4,2,3,9,Loyalist,A,New
244,48,21,380,4,4,3,11,Loyalist,A,Green
245,4,26,580,4,4,4,12,Loyalist,A,Green
246,95,6,185,3,1,1,5,Fence-sitter,A,Red
247,13,24,735,4,4,4,12,Loyalist,A,Green
248,57,24,718,4,4,4,12,Loyalist,A,Red
249,55,23,551,4,4,4,12,Loyalist,A,Green
250,27,21,495,4,4,4,12,Loyalist,A,Red
251,38,3,89,4,1,1,6,Fence-sitter,A,New
252,64,20,545,4,4,4,12,Loyalist,A,Green
253,98,12,377,3,2,3,8,Loyalist,A,Red
254,233,3,98,1,1,1,3,Lost,A,
255,96,18,414,3,3,3,9,Loyalist,A,Red
256,118,4,127,3,1,1,5,Fence-sitter,A,Red
257,6,2,17,4,1,1,6,Fence-sitter,A,New
258,126,13,352,2,2,3,7,Fence-sitter,A,Red
259,93,12,343,3,2,2,7,Fence-sitter,A,Red
260,126,4,144,2,1,1,4,Lost,A,Red
261,245,3,117,1,1,1,3,Lost,A,
262,60,21,457,4,4,3,11,Loyalist,A,Green
263,199,5,181,1,1,1,3,Lost,A,
264,34,25,666,4,4,4,12,Loyalist,A,Red
265,18,12,279,4,2,2,8,Loyalist,A,New
266,42,24,679,4,4,4,12,Loyalist,A,Amber
267,124,7,194,2,1,1,4,Lost,A,Red
268,101,12,216,3,2,2,7,Fence-sitter,A,Red
269,123,23,559,2,4,4,10,Loyalist,A,Red
270,44,18,432,4,3,3,10,Loyalist,A,Red
271,97,22,562,3,4,4,11,Loyalist,A,Red
272,44,8,157,4,1,1,6,Fence-sitter,A,New
273,27,23,684,4,4,4,12,Loyalist,A,Green
274,36,27,631,4,4,4,12,Loyalist,A,Red
275,217,12,276,1,2,2,5,Fence-sitter,A,
276,23,15,451,4,3,3,10,Loyalist,A,Green
277,35,14,335,4,3,2,9,Loyalist,A,Red
278,6,19,608,4,3,4,11,Loyalist,A,New
279,84,9,250,4,2,2,8,Loyalist,A,New
280,52,6,154,4,1,1,6,Fence-sitter,A,New
281,13,13,372,4,2,3,9,Loyalist,A,New
282,27,3,54,4,1,1,6,Fence-sitter,A,New
283,31,7,152,4,1,1,6,Fence-sitter,A,Red
284,12,24,584,4,4,4,12,Loyalist,A,Green
285,6,22,549,4,4,4,12,Loyalist,A,Red
286,77,22,584,4,4,4,12,Loyalist,A,Red
287,32,7,241,4,1,2,7,Fence-sitter,A,Green
288,6,22,582,4,4,4,12,Loyalist,A,New
289,11,7,170,4,1,1,6,Fence-sitter,A,Green
290,17,16,453,4,3,3,10,Loyalist,A,Green
291,2,8,244,4,1,2,7,Fence-sitter,A,Red
292,116,17,432,3,3,3,9,Loyalist,A,Red
293,59,9,209,4,2,1,7,Fence-sitter,A,New
294,24,23,614,4,4,4,12,Loyalist,A,Red
295,397,8,237,1,1,2,4,Lost,A,
296,8,27,723,4,4,4,12,Loyalist,A,Green
297,128,5,137,2,1,1,4,Lost,A,Red
298,18,11,294,4,2,2,8,Loyalist,A,New
299,50,11,295,4,2,2,8,Loyalist,A,Red
300,209,13,367,1,2,3,6,Fence-sitter,A,
301,56,14,382,4,3,3,10,Loyalist,A,Green
302,74,16,334,4,3,2,9,Loyalist,A,New
303,12,20,572,4,4,4,12,Loyalist,A,New
304,45,14,379,4,3,3,10,Loyalist,A,Red
305,675,3,72,1,1,1,3,Lost,A,
306,343,3,68,1,1,1,3,Lost,A,
307,48,14,455,4,3,3,10,Loyalist,A,New
308,573,6,138,1,1,1,3,Lost,A,
309,61,8,220,4,1,2,7,Fence-sitter,A,New
310,245,7,257,1,1,2,4,Lost,A,
311,31,13,389,4,2,3,9,Loyalist,A,Red
312,18,5,74,4,1,1,6,Fence-sitter,A,New
313,29,21,548,4,4,4,12,Loyalist,A,Red
314,41,7,179,4,1,1,6,Fence-sitter,A,Red
315,561,3,101,1,1,1,3,Lost,A,
316,11,14,382,4,3,3,10,Loyalist,A,Red
317,52,26,794,4,4,4,12,Loyalist,A,New
318,55,4,81,4,1,1,6,Fence-sitter,A,New
319,5,25,637,4,4,4,12,Loyalist,A,New
320,30,24,609,4,4,4,12,Loyalist,A,New
321,9,12,244,4,2,2,8,Loyalist,A,Green
322,31,11,281,4,2,2,8,Loyalist,A,New
323,86,12,320,4,2,2,8,Loyalist,A,New
324,192,4,94,1,1,1,3,Lost,A,
325,39,24,525,4,4,4,12,Loyalist,A,Green
326,158,19,608,2,3,4,9,Loyalist,A,Red
327,135,8,192,2,1,1,4,Lost,A,Red
328,295,4,80,1,1,1,3,Lost,A,
329,154,7,151,2,1,1,4,Lost,A,Red
330,53,7,154,4,1,1,6,Fence-sitter,A,Amber
331,198,5,133,1,1,1,3,Lost,A,
332,110,15,446,3,3,3,9,Loyalist,A,Red
333,22,5,170,4,1,1,6,Fence-sitter,A,Red
334,461,4,131,1,1,1,3,Lost,A,
335,29,16,471,4,3,3,10,Loyalist,A,New
336,154,8,190,2,1,1,4,Lost,A,Red
337,308,4,144,1,1,1,3,Lost,A,
338,338,7,225,1,1,2,4,Lost,A,
339,28,17,473,4,3,3,10,Loyalist,A,Green
340,157,12,385,2,2,3,7,Fence-sitter,A,Red
341,83,17,479,4,3,4,11,Loyalist,A,Red
342,193,15,427,1,3,3,7,Fence-sitter,A,
343,25,11,238,4,2,2,8,Loyalist,A,New
344,2,16,393,4,3,3,10,Loyalist,A,Green
345,12,23,651,4,4,4,12,Loyalist,A,Red
346,60,6,180,4,1,1,6,Fence-sitter,A,New
347,137,3,54,2,1,1,4,Lost,A,Red
348,123,12,316,2,2,2,6,Fence-sitter,A,Red
349,4,9,262,4,2,2,8,Loyalist,A,Red
350,1,24,639,4,4,4,12,Loyalist,A,Red
351,99,11,294,3,2,2,7,Fence-sitter,A,Red
352,56,3,87,4,1,1,6,Fence-sitter,A,Green
353,58,21,535,4,4,4,12,Loyalist,A,New
354,34,9,170,4,2,1,7,Fence-sitter,A,Green
355,325,6,128,1,1,1,3,Lost,A,
356,85,17,531,4,3,4,11,Loyalist,A,New
357,21,21,518,4,4,4,12,Loyalist,A,Red
358,126,12,308,2,2,2,6,Fence-sitter,A,Red
359,98,7,184,3,1,1,5,Fence-sitter,A,Red
360,56,10,224,4,2,2,8,Loyalist,A,New
361,74,6,120,4,1,1,6,Fence-sitter,A,New
362,179,6,217,2,1,2,5,Fence-sitter,A,Red
363,25,16,414,4,3,3,10,Loyalist,A,Green
364,227,21,493,1,4,4,9,Loyalist,A,
365,108,9,136,3,2,1,6,Fence-sitter,A,Red
366,88,5,98,4,1,1,6,Fence-sitter,A,New
367,13,21,394,4,4,3,11,Loyalist,A,Green
368,3,24,570,4,4,4,12,Loyalist,A,Red
369,23,11,262,4,2,2,8,Loyalist,A,Green
370,90,4,59,4,1,1,6,Fence-sitter,A,New
371,2,11,327,4,2,2,8,Loyalist,A,New
372,256,7,193,1,1,1,3,Lost,A,
373,99,22,563,3,4,4,11,Loyalist,A,Red
374,344,12,330,1,2,2,5,Fence-sitter,A,
375,365,9,230,1,2,2,5,Fence-sitter,A,
376,50,15,379,4,3,3,10,Loyalist,A,Red
377,807,2,54,1,1,1,3,Lost,A,
378,161,4,122,2,1,1,4,Lost,A,Red
379,43,16,434,4,3,3,10,Loyalist,A,Red
380,3,9,268,4,2,2,8,Loyalist,A,Green
381,318,9,205,1,2,1,4,Lost,A,
382,53,8,245,4,1,2,7,Fence-sitter,A,New
383,142,9,329,2,2,2,6,Fence-sitter,A,Red
384,213,14,361,1,3,3,7,Fence-sitter,A,
385,348,4,109,1,1,1,3,Lost,A,
386,124,6,158,2,1,1,4,Lost,A,Red
387,103,9,231,3,2,2,7,Fence-sitter,A,Red
388,55,8,226,4,1,2,7,Fence-sitter,A,New
389,15,19,577,4,3,4,11,Loyalist,A,Red
390,187,4,78,1,1,1,3,Lost,A,
391,2,23,642,4,4,4,12,Loyalist,A,Green
392,33,6,104,4,1,1,6,Fence-sitter,A,Green
393,2,7,240,4,1,2,7,Fence-sitter,A,Green
394,96,9,232,3,2,2,7,Fence-sitter,A,Red
395,87,12,298,4,2,2,8,Loyalist,A,New
396,73,12,306,4,2,2,8,Loyalist,A,New
397,86,8,223,4,1,2,7,Fence-sitter,A,New
398,54,17,397,4,3,3,10,Loyalist,A,Red
399,46,5,133,4,1,1,6,Fence-sitter,A,New
400,25,4,72,4,1,1,6,Fence-sitter,A,New
401,264,8,216,1,1,2,4,Lost,A,
402,131,18,415,2,3,3,8,Loyalist,A,Red
403,136,7,171,2,1,1,4,Lost,A,Red
404,86,17,577,4,3,4,11,Loyalist,A,Red
405,133,7,213,2,1,2,5,Fence-sitter,A,Red
406,37,11,335,4,2,2,8,Loyalist,A,Green
407,48,17,408,4,3,3,10,Loyalist,A,New
408,130,18,432,2,3,3,8,Loyalist,A,Red
409,154,3,118,2,1,1,4,Lost,A,Red
410,2,13,310,4,2,2,8,Loyalist,A,Red
411,44,8,234,4,1,2,7,Fence-sitter,A,New
412,66,7,196,4,1,1,6,Fence-sitter,A,New
413,5,17,449,4,3,3,10,Loyalist,A,Green
414,333,3,136,1,1,1,3,Lost,A,
415,45,12,265,4,2,2,8,Loyalist,A,New
416,11,20,416,4,4,3,11,Loyalist,A,New
417,18,14,301,4,3,2,9,Loyalist,A,Green
418,14,18,373,4,3,3,10,Loyalist,A,Green
419,11,19,451,4,3,3,10,Loyalist,A,New
420,133,16,412,2,3,3,8,Loyalist,A,Red
421,5,24,730,4,4,4,12,Loyalist,A,Green
422,21,9,201,4,2,1,7,Fence-sitter,A,New
423,97,5,152,3,1,1,5,Fence-sitter,A,Red
424,23,20,562,4,4,4,12,Loyalist,A,Red
425,20,23,558,4,4,4,12,Loyalist,A,Green
426,155,7,213,2,1,2,5,Fence-sitter,A,Red
427,142,10,233,2,2,2,6,Fence-sitter,A,Red
428,56,11,328,4,2,2,8,Loyalist,A,Red
429,155,17,445,2,3,3,8,Loyalist,A,Red
430,166,4,102,2,1,1,4,Lost,A,Red
431,157,18,455,2,3,3,8,Loyalist,A,Red
432,28,25,690,4,4,4,12,Loyalist,A,Green
433,702,5,159,1,1,1,3,Lost,A,
434,316,5,87,1,1,1,3,Lost,A,
435,15,14,399,4,3,3,10,Loyalist,A,Green
436,2,14,385,4,3,3,10,Loyalist,A,Green
437,24,19,517,4,3,4,11,Loyalist,A,New
438,346,4,122,1,1,1,3,Lost,A,
439,98,15,483,3,3,4,10,Loyalist,A,Red
440,86,12,288,4,2,2,8,Loyalist,A,Red
441,253,5,107,1,1,1,3,Lost,A,
442,165,22,501,2,4,4,10,Loyalist,A,Red
443,36,9,208,4,2,1,7,Fence-sitter,A,New
444,9,17,407,4,3,3,10,Loyalist,A,Red
445,231,13,345,1,2,3,6,Fence-sitter,A,
446,5,10,236,4,2,2,8,Loyalist,A,Amber
447,16,9,299,4,2,2,8,Loyalist,A,New
448,102,18,495,3,3,4,10,Loyalist,A,Red
449,164,14,399,2,3,3,8,Loyalist,A,Red
450,5,21,544,4,4,4,12,Loyalist,A,Green
451,71,3,23,4,1,1,6,Fence-sitter,A,Green
452,81,16,493,4,3,4,11,Loyalist,A,New
453,283,2,59,1,1,1,3,Lost,A,
454,3,26,672,4,4,4,12,Loyalist,A,Red
455,36,23,551,4,4,4,12,Loyalist,A,Red
456,9,19,437,4,3,3,10,Loyalist,A,Red
457,22,7,157,4,1,1,6,Fence-sitter,A,New
458,93,20,466,3,4,3,10,Loyalist,A,Red
459,10,16,363,4,3,3,10,Loyalist,A,Green
460,4,20,566,4,4,4,12,Loyalist,A,Green
461,217,5,101,1,1,1,3,Lost,A,
462,31,9,245,4,2,2,8,Loyalist,A,New
463,46,19,482,4,3,4,11,Loyalist,A,Red
464,191,17,445,1,3,3,7,Fence-sitter,A,
465,26,23,522,4,4,4,12,Loyalist,A,Green
466,146,12,242,2,2,2,6,Fence-sitter,A,Red
467,46,14,252,4,3,2,9,Loyalist,A,New
468,6,20,367,4,4,3,11,Loyalist,A,Green
469,141,18,431,2,3,3,8,Loyalist,A,Red
470,5,22,468,4,4,3,11,Loyalist,A,New
471,2,24,679,4,4,4,12,Loyalist,A,Red
472,266,9,262,1,2,2,5,Fence-sitter,A,
473,532,2,66,1,1,1,3,Lost,A,
474,124,12,253,2,2,2,6,Fence-sitter,A,Red
475,15,15,314,4,3,2,9,Loyalist,A,New
476,34,6,117,4,1,1,6,Fence-sitter,A,New
477,1,24,708,4,4,4,12,Loyalist,A,Amber
478,34,3,54,4,1,1,6,Fence-sitter,A,New
479,31,22,542,4,4,4,12,Loyalist,A,New
480,5,19,501,4,3,4,11,Loyalist,A,Red
481,82,18,541,4,3,4,11,Loyalist,A,Red
482,3,18,435,4,3,3,10,Loyalist,A,New
483,178,8,313,2,1,2,5,Fence-sitter,A,Red
484,55,20,579,4,4,4,12,Loyalist,A,Red
485,26,14,351,4,3,3,10,Loyalist,A,Red
486,19,25,517,4,4,4,12,Loyalist,A,Red
487,143,11,256,2,2,2,6,Fence-sitter,A,Red
488,6,10,272,4,2,2,8,Loyalist,A,New
489,23,21,570,4,4,4,12,Loyalist,A,New
490,4,17,356,4,3,3,10,Loyalist,A,New
491,135,11,355,2,2,3,7,Fence-sitter,A,Red
492,306,10,202,1,2,1,4,Lost,A,
493,41,5,122,4,1,1,6,Fence-sitter,A,New
494,134,3,69,2,1,1,4,Lost,A,Red
495,36,20,605,4,4,4,12,Loyalist,A,Green
496,96,11,389,3,2,3,8,Loyalist,A,Red
497,222,13,451,1,2,3,6,Fence-sitter,A,
498,24,17,408,4,3,3,10,Loyalist,A,Amber
499,54,14,346,4,3,3,10,Loyalist,A,Red
500,18,3,101,4,1,1,6,Fence-sitter,A,Green
1,40,13,362,4,4,4,12,Loyalist,B,Red
2,36,7,196,4,2,2,8,Fence-sitter,B,New
3,92,14,328,3,4,4,11,Loyalist,B,Red
4,4,13,301,4,4,3,11,Loyalist,B,Green
5,59,16,423,4,4,4,12,Loyalist,B,New
6,126,12,280,2,3,3,8,Fence-sitter,B,Red
7,57,5,199,4,1,2,7,Fence-sitter,B,Green
8,40,20,505,4,4,4,12,Loyalist,B,New
9,8,8,161,4,2,2,8,Fence-sitter,B,Green
10,90,11,233,4,3,3,10,Loyalist,B,Red
11,114,7,161,3,2,2,7,Fence-sitter,B,Red
12,508,5,130,1,1,1,3,Lost,B,
13,22,13,429,4,4,4,12,Loyalist,B,New
14,8,13,371,4,4,4,12,Loyalist,B,Red
15,144,7,191,2,2,2,6,Fence-sitter,B,Red
16,35,12,326,4,3,4,11,Loyalist,B,New
17,78,7,206,4,2,2,8,Fence-sitter,B,New
18,103,9,241,3,2,3,8,Fence-sitter,B,Red
19,31,6,197,4,2,2,8,Fence-sitter,B,Green
20,70,9,223,4,2,3,9,Fence-sitter,B,New
21,39,13,304,4,4,3,11,Loyalist,B,New
22,160,10,336,2,3,4,9,Fence-sitter,B,Red
23,14,16,404,4,4,4,12,Loyalist,B,New
24,15,12,338,4,3,4,11,Loyalist,B,New
25,120,9,259,3,2,3,8,Fence-sitter,B,Red
26,54,12,221,4,3,2,9,Fence-sitter,B,Red
27,186,5,98,1,1,1,3,Lost,B,
28,27,10,279,4,3,3,10,Loyalist,B,Red
29,91,14,331,3,4,4,11,Loyalist,B,Red
30,190,10,198,1,3,2,6,Fence-sitter,B,
31,39,13,348,4,4,4,12,Loyalist,B,Green
32,142,11,311,2,3,3,8,Fence-sitter,B,Red
33,114,12,351,3,3,4,10,Loyalist,B,Red
34,44,13,365,4,4,4,12,Loyalist,B,New
35,99,9,215,3,2,2,7,Fence-sitter,B,Red
36,95,7,215,3,2,2,7,Fence-sitter,B,Red
37,28,8,230,4,2,3,9,Fence-sitter,B,New
38,79,7,149,4,2,2,8,Fence-sitter,B,Green
39,190,10,273,1,3,3,7,Fence-sitter,B,
40,144,8,183,2,2,2,6,Fence-sitter,B,Red
41,62,15,317,4,4,4,12,Loyalist,B,New
42,347,2,83,1,1,1,3,Lost,B,
43,22,10,240,4,3,3,10,Loyalist,B,Red
44,36,22,558,4,4,4,12,Loyalist,B,Green
45,318,3,78,1,1,1,3,Lost,B,
46,441,5,125,1,1,1,3,Lost,B,
47,118,12,290,3,3,3,9,Fence-sitter,B,Red
48,295,7,205,1,2,2,5,Lost,B,
49,37,5,121,4,1,1,6,Fence-sitter,B,New
50,165,19,360,2,4,4,10,Loyalist,B,Red
51,208,11,331,1,3,4,8,Fence-sitter,B,
52,29,14,337,4,4,4,12,Loyalist,B,Red
53,7,7,127,4,2,1,7,Fence-sitter,B,New
54,193,3,20,1,1,1,3,Lost,B,
55,282,11,297,1,3,3,7,Fence-sitter,B,
56,51,8,154,4,2,2,8,Fence-sitter,B,New
57,133,13,316,2,4,4,10,Loyalist,B,Red
58,63,9,266,4,2,3,9,Fence-sitter,B,New
59,8,15,326,4,4,4,12,Loyalist,B,Green
60,3,10,237,4,3,3,10,Loyalist,B,Red
61,21,11,298,4,3,3,10,Loyalist,B,New
62,40,13,302,4,4,3,11,Loyalist,B,New
63,25,6,163,4,2,2,8,Fence-sitter,B,New
64,373,3,67,1,1,1,3,Lost,B,
65,121,2,46,2,1,1,4,Lost,B,Red
66,29,11,201,4,3,2,9,Fence-sitter,B,Amber
67,364,4,101,1,1,1,3,Lost,B,
68,63,5,104,4,1,1,6,Fence-sitter,B,New
69,46,7,164,4,2,2,8,Fence-sitter,B,Green
70,289,7,227,1,2,3,6,Fence-sitter,B,
71,93,15,356,3,4,4,11,Loyalist,B,Red
72,309,7,223,1,2,3,6,Fence-sitter,B,
73,69,10,200,4,3,2,9,Fence-sitter,B,Red
74,34,9,265,4,2,3,9,Fence-sitter,B,Green
75,152,7,186,2,2,2,6,Fence-sitter,B,Red
76,529,3,75,1,1,1,3,Lost,B,
77,56,11,348,4,3,4,11,Loyalist,B,New
78,22,5,159,4,1,2,7,Fence-sitter,B,New
79,353,1,48,1,1,1,3,Lost,B,
80,93,7,165,3,2,2,7,Fence-sitter,B,Red
81,70,4,105,4,1,1,6,Fence-sitter,B,New
82,43,18,409,4,4,4,12,Loyalist,B,Red
83,234,15,377,1,4,4,9,Fence-sitter,B,
84,5,10,221,4,3,2,9,Fence-sitter,B,New
85,14,16,416,4,4,4,12,Loyalist,B,New
86,122,13,307,2,4,3,9,Fence-sitter,B,Red
87,61,9,317,4,2,4,10,Loyalist,B,New
88,45,6,158,4,2,2,8,Fence-sitter,B,Green
89,104,5,132,3,1,1,5,Lost,B,Red
90,76,10,268,4,3,3,10,Loyalist,B,Red
91,23,13,308,4,4,3,11,Loyalist,B,Green
92,71,7,174,4,2,2,8,Fence-sitter,B,New
93,23,11,243,4,3,3,10,Loyalist,B,Red
94,825,1,40,1,1,1,3,Lost,B,
95,24,12,318,4,3,4,11,Loyalist,B,New
96,708,5,110,1,1,1,3,Lost,B,
97,100,9,210,3,2,2,7,Fence-sitter,B,Red
98,37,5,123,4,1,1,6,Fence-sitter,B,New
99,57,19,528,4,4,4,12,Loyalist,B,New
100,30,12,251,4,3,3,10,Loyalist,B,Green
101,235,6,143,1,2,2,5,Lost,B,
102,173,9,164,2,2,2,6,Fence-sitter,B,Red
103,27,11,342,4,3,4,11,Loyalist,B,Amber
104,266,3,69,1,1,1,3,Lost,B,
105,74,4,90,4,1,1,6,Fence-sitter,B,New
106,40,15,377,4,4,4,12,Loyalist,B,Green
107,186,11,290,1,3,3,7,Fence-sitter,B,
108,140,8,185,2,2,2,6,Fence-sitter,B,Red
109,247,10,338,1,3,4,8,Fence-sitter,B,
110,209,7,172,1,2,2,5,Lost,B,
111,13,10,312,4,3,4,11,Loyalist,B,Green
112,214,6,154,1,2,2,5,Lost,B,
113,28,8,221,4,2,2,8,Fence-sitter,B,New
114,201,5,204,1,1,2,4,Lost,B,
115,48,15,299,4,4,3,11,Loyalist,B,Red
116,168,3,24,2,1,1,4,Lost,B,Red
117,105,9,237,3,2,3,8,Fence-sitter,B,Red
118,298,8,298,1,2,3,6,Fence-sitter,B,
119,327,4,91,1,1,1,3,Lost,B,
120,29,3,72,4,1,1,6,Fence-sitter,B,New
121,68,9,191,4,2,2,8,Fence-sitter,B,Green
122,131,6,133,2,2,2,6,Fence-sitter,B,Red
123,106,9,150,3,2,2,7,Fence-sitter,B,Red
124,130,11,318,2,3,4,9,Fence-sitter,B,Red
125,46,14,384,4,4,4,12,Loyalist,B,Green
126,3,8,260,4,2,3,9,Fence-sitter,B,New
127,48,10,258,4,3,3,10,Loyalist,B,Amber
128,24,19,487,4,4,4,12,Loyalist,B,Green
129,61,8,231,4,2,3,9,Fence-sitter,B,Green
130,157,14,268,2,4,3,9,Fence-sitter,B,Red
131,68,13,233,4,4,3,11,Loyalist,B,New
132,136,9,203,2,2,2,6,Fence-sitter,B,Red
133,88,4,107,4,1,1,6,Fence-sitter,B,Green
134,325,2,36,1,1,1,3,Lost,B,
135,4,10,194,4,3,2,9,Fence-sitter,B,New
136,38,10,261,4,3,3,10,Loyalist,B,Red
137,8,6,184,4,2,2,8,Fence-sitter,B,New
138,93,10,275,3,3,3,9,Fence-sitter,B,Red
139,57,5,153,4,1,2,7,Fence-sitter,B,Green
140,43,13,290,4,4,3,11,Loyalist,B,Red
141,154,3,115,2,1,1,4,Lost,B,Red
142,77,16,380,4,4,4,12,Loyalist,B,Red
143,151,16,468,2,4,4,10,Loyalist,B,Red
144,59,14,266,4,4,3,11,Loyalist,B,Green
145,17,19,428,4,4,4,12,Loyalist,B,Green
146,22,9,187,4,2,2,8,Fence-sitter,B,New
147,311,3,57,1,1,1,3,Lost,B,
148,289,7,253,1,2,3,6,Fence-sitter,B,
149,291,9,226,1,2,3,6,Fence-sitter,B,
150,139,1,30,2,1,1,4,Lost,B,Red
151,14,12,348,4,3,4,11,Loyalist,B,Green
152,23,19,373,4,4,4,12,Loyalist,B,Green
153,146,11,307,2,3,3,8,Fence-sitter,B,Red
154,59,3,82,4,1,1,6,Fence-sitter,B,New
155,53,13,362,4,4,4,12,Loyalist,B,Red
156,110,10,277,3,3,3,9,Fence-sitter,B,Red
157,81,8,202,4,2,2,8,Fence-sitter,B,Red
158,5,7,192,4,2,2,8,Fence-sitter,B,New
159,92,9,204,3,2,2,7,Fence-sitter,B,Red
160,75,17,443,4,4,4,12,Loyalist,B,Green
161,43,7,191,4,2,2,8,Fence-sitter,B,Green
162,86,9,295,4,2,3,9,Fence-sitter,B,Red
163,144,19,480,2,4,4,10,Loyalist,B,Red
164,2,14,418,4,4,4,12,Loyalist,B,Green
165,50,14,358,4,4,4,12,Loyalist,B,Red
166,59,5,90,4,1,1,6,Fence-sitter,B,Red
167,96,12,328,3,3,4,10,Loyalist,B,Red
168,117,12,284,3,3,3,9,Fence-sitter,B,Red
169,93,10,261,3,3,3,9,Fence-sitter,B,Red
170,94,7,181,3,2,2,7,Fence-sitter,B,Red
171,58,5,160,4,1,2,7,Fence-sitter,B,Amber
172,56,10,258,4,3,3,10,Loyalist,B,New
173,226,7,185,1,2,2,5,Lost,B,
174,341,7,185,1,2,2,5,Lost,B,
175,33,3,65,4,1,1,6,Fence-sitter,B,New
176,120,15,363,3,4,4,11,Loyalist,B,Red
177,233,11,265,1,3,3,7,Fence-sitter,B,
178,730,3,99,1,1,1,3,Lost,B,
179,23,16,374,4,4,4,12,Loyalist,B,Green
180,42,15,424,4,4,4,12,Loyalist,B,Red
181,41,6,191,4,2,2,8,Fence-sitter,B,Green
182,462,5,135,1,1,2,4,Lost,B,
183,47,16,330,4,4,4,12,Loyalist,B,Amber
184,21,8,213,4,2,2,8,Fence-sitter,B,New
185,205,3,81,1,1,1,3,Lost,B,
186,30,10,222,4,3,3,10,Loyalist,B,New
187,18,14,400,4,4,4,12,Loyalist,B,Red
188,44,7,181,4,2,2,8,Fence-sitter,B,New
189,68,8,180,4,2,2,8,Fence-sitter,B,New
190,4,9,236,4,2,3,9,Fence-sitter,B,Green
191,179,8,199,2,2,2,6,Fence-sitter,B,Red
192,61,15,454,4,4,4,12,Loyalist,B,Red
193,110,3,70,3,1,1,5,Lost,B,Red
194,118,13,329,3,4,4,11,Loyalist,B,Red
195,48,2,28,4,1,1,6,Fence-sitter,B,New
196,26,16,350,4,4,4,12,Loyalist,B,Red
197,94,11,238,3,3,3,9,Fence-sitter,B,Red
198,61,13,291,4,4,3,11,Loyalist,B,Red
199,720,5,206,1,1,2,4,Lost,B,
200,177,12,227,2,3,3,8,Fence-sitter,B,Red
201,55,9,220,4,2,2,8,Fence-sitter,B,New
202,73,10,268,4,3,3,10,Loyalist,B,Green
203,222,8,173,1,2,2,5,Lost,B,
204,75,18,472,4,4,4,12,Loyalist,B,Red
205,152,5,161,2,1,2,5,Lost,B,Red
206,36,13,361,4,4,4,12,Loyalist,B,Red
207,239,10,291,1,3,3,7,Fence-sitter,B,
208,96,10,284,3,3,3,9,Fence-sitter,B,Red
209,55,21,601,4,4,4,12,Loyalist,B,Green
210,49,14,364,4,4,4,12,Loyalist,B,Green
211,7,11,315,4,3,4,11,Loyalist,B,New
212,226,3,69,1,1,1,3,Lost,B,
213,90,3,108,4,1,1,6,Fence-sitter,B,New
214,267,4,42,1,1,1,3,Lost,B,
215,33,13,300,4,4,3,11,Loyalist,B,Green
216,71,12,180,4,3,2,9,Fence-sitter,B,New
217,86,9,223,4,2,3,9,Fence-sitter,B,Red
218,116,4,148,3,1,2,6,Fence-sitter,B,Red
219,239,4,102,1,1,1,3,Lost,B,
220,79,13,401,4,4,4,12,Loyalist,B,New
221,60,8,156,4,2,2,8,Fence-sitter,B,New
222,37,4,72,4,1,1,6,Fence-sitter,B,New
223,437,7,181,1,2,2,5,Lost,B,
224,90,17,417,4,4,4,12,Loyalist,B,Green
225,630,4,92,1,1,1,3,Lost,B,
226,415,3,81,1,1,1,3,Lost,B,
227,825,2,44,1,1,1,3,Lost,B,
228,215,3,50,1,1,1,3,Lost,B,
229,288,14,369,1,4,4,9,Fence-sitter,B,
230,65,6,143,4,2,2,8,Fence-sitter,B,Red
231,158,10,266,2,3,3,8,Fence-sitter,B,Red
232,15,17,352,4,4,4,12,Loyalist,B,Green
233,145,12,228,2,3,3,8,Fence-sitter,B,Red
234,241,6,148,1,2,2,5,Lost,B,
235,91,5,160,3,1,2,6,Fence-sitter,B,Red
236,162,10,251,2,3,3,8,Fence-sitter,B,Red
237,350,4,91,1,1,1,3,Lost,B,
238,55,6,173,4,2,2,8,Fence-sitter,B,New
239,91,14,469,3,4,4,11,Loyalist,B,Red
240,131,13,482,2,4,4,10,Loyalist,B,Red
241,101,11,313,3,3,4,10,Loyalist,B,Red
242,80,5,151,4,1,2,7,Fence-sitter,B,Green
243,55,4,82,4,1,1,6,Fence-sitter,B,New
244,31,18,522,4,4,4,12,Loyalist,B,Red
245,142,10,274,2,3,3,8,Fence-sitter,B,Red
246,113,4,168,3,1,2,6,Fence-sitter,B,Red
247,50,14,464,4,4,4,12,Loyalist,B,Green
248,14,14,419,4,4,4,12,Loyalist,B,New
249,32,16,447,4,4,4,12,Loyalist,B,Red
250,21,11,189,4,3,2,9,Fence-sitter,B,Green
251,584,2,33,1,1,1,3,Lost,B,
252,45,12,399,4,3,4,11,Loyalist,B,Green
253,326,3,70,1,1,1,3,Lost,B,
254,45,5,100,4,1,1,6,Fence-sitter,B,New
255,101,10,271,3,3,3,9,Fence-sitter,B,Red
256,112,3,90,3,1,1,5,Lost,B,Red
257,89,4,109,4,1,1,6,Fence-sitter,B,New
258,143,10,238,2,3,3,8,Fence-sitter,B,Red
259,57,10,315,4,3,4,11,Loyalist,B,Green
260,371,5,178,1,1,2,4,Lost,B,
261,101,3,61,3,1,1,5,Lost,B,Red
262,85,15,428,4,4,4,12,Loyalist,B,Red
263,477,1,33,1,1,1,3,Lost,B,
264,295,13,273,1,4,3,8,Fence-sitter,B,
265,321,3,128,1,1,1,3,Lost,B,
266,12,15,323,4,4,4,12,Loyalist,B,New
267,113,8,236,3,2,3,8,Fence-sitter,B,Red
268,6,11,258,4,3,3,10,Loyalist,B,Green
269,79,9,260,4,2,3,9,Fence-sitter,B,Amber
270,123,11,282,2,3,3,8,Fence-sitter,B,Red
271,51,12,268,4,3,3,10,Loyalist,B,Red
272,332,6,155,1,2,2,5,Lost,B,
273,202,5,112,1,1,1,3,Lost,B,
274,64,12,230,4,3,3,10,Loyalist,B,Red
275,85,8,225,4,2,3,9,Fence-sitter,B,Green
276,75,13,337,4,4,4,12,Loyalist,B,Red
277,62,16,453,4,4,4,12,Loyalist,B,Red
278,167,11,299,2,3,3,8,Fence-sitter,B,Red
279,360,7,173,1,2,2,5,Lost,B,
280,76,7,113,4,2,1,7,Fence-sitter,B,Red
281,259,4,75,1,1,1,3,Lost,B,
282,57,3,97,4,1,1,6,Fence-sitter,B,New
283,252,5,179,1,1,2,4,Lost,B,
284,3,11,263,4,3,3,10,Loyalist,B,New
285,53,16,315,4,4,4,12,Loyalist,B,Red
286,42,16,407,4,4,4,12,Loyalist,B,Green
287,308,2,40,1,1,1,3,Lost,B,
288,85,10,252,4,3,3,10,Loyalist,B,Red
289,632,4,106,1,1,1,3,Lost,B,
290,61,13,342,4,4,4,12,Loyalist,B,Green
291,76,5,157,4,1,2,7,Fence-sitter,B,Green
292,9,12,319,4,3,4,11,Loyalist,B,New
293,41,4,59,4,1,1,6,Fence-sitter,B,New
294,46,11,259,4,3,3,10,Loyalist,B,New
295,142,5,130,2,1,1,4,Lost,B,Red
296,25,11,291,4,3,3,10,Loyalist,B,New
297,31,5,170,4,1,2,7,Fence-sitter,B,New
298,411,6,169,1,2,2,5,Lost,B,
299,149,4,99,2,1,1,4,Lost,B,Red
300,4,13,335,4,4,4,12,Loyalist,B,New
301,1,12,299,4,3,3,10,Loyalist,B,New
302,62,13,348,4,4,4,12,Loyalist,B,Green
303,207,14,491,1,4,4,9,Fence-sitter,B,
304,201,7,131,1,2,1,4,Lost,B,
305,491,3,82,1,1,1,3,Lost,B,
306,41,3,96,4,1,1,6,Fence-sitter,B,New
307,50,11,281,4,3,3,10,Loyalist,B,Red
308,658,1,14,1,1,1,3,Lost,B,
309,168,11,234,2,3,3,8,Fence-sitter,B,Red
310,88,4,62,4,1,1,6,Fence-sitter,B,New
311,11,7,165,4,2,2,8,Fence-sitter,B,Green
312,157,9,138,2,2,2,6,Fence-sitter,B,Red
313,26,12,241,4,3,3,10,Loyalist,B,New
314,892,4,98,1,1,1,3,Lost,B,
315,16,3,46,4,1,1,6,Fence-sitter,B,New
316,87,7,107,4,2,1,7,Fence-sitter,B,New
317,72,10,263,4,3,3,10,Loyalist,B,Red
318,258,1,17,1,1,1,3,Lost,B,
319,15,12,294,4,3,3,10,Loyalist,B,Red
320,63,13,372,4,4,4,12,Loyalist,B,Red
321,98,9,159,3,2,2,7,Fence-sitter,B,Red
322,39,8,215,4,2,2,8,Fence-sitter,B,Green
323,112,8,208,3,2,2,7,Fence-sitter,B,Red
324,250,3,103,1,1,1,3,Lost,B,
325,181,12,328,1,3,4,8,Fence-sitter,B,
326,560,4,167,1,1,2,4,Lost,B,
327,18,7,195,4,2,2,8,Fence-sitter,B,New
328,330,2,74,1,1,1,3,Lost,B,
329,591,3,58,1,1,1,3,Lost,B,
330,111,10,290,3,3,3,9,Fence-sitter,B,Red
331,293,3,101,1,1,1,3,Lost,B,
332,184,4,67,1,1,1,3,Lost,B,
333,197,6,169,1,2,2,5,Lost,B,
334,40,4,71,4,1,1,6,Fence-sitter,B,New
335,185,9,218,1,2,2,5,Lost,B,
336,241,3,64,1,1,1,3,Lost,B,
337,656,3,93,1,1,1,3,Lost,B,
338,228,3,91,1,1,1,3,Lost,B,
339,17,6,119,4,2,1,7,Fence-sitter,B,Green
340,83,9,183,4,2,2,8,Fence-sitter,B,Red
341,86,14,373,4,4,4,12,Loyalist,B,Green
342,51,15,406,4,4,4,12,Loyalist,B,Green
343,273,8,139,1,2,2,5,Lost,B,
344,107,12,293,3,3,3,9,Fence-sitter,B,Red
345,10,14,437,4,4,4,12,Loyalist,B,Red
346,149,10,270,2,3,3,8,Fence-sitter,B,Red
347,437,2,52,1,1,1,3,Lost,B,
348,273,9,257,1,2,3,6,Fence-sitter,B,
349,122,10,263,2,3,3,8,Fence-sitter,B,Red
350,87,12,372,4,3,4,11,Loyalist,B,Green
351,69,11,297,4,3,3,10,Loyalist,B,Red
352,777,3,92,1,1,1,3,Lost,B,
353,110,12,401,3,3,4,10,Loyalist,B,Red
354,47,6,200,4,2,2,8,Fence-sitter,B,Green
355,79,2,60,4,1,1,6,Fence-sitter,B,New
356,43,13,420,4,4,4,12,Loyalist,B,New
357,49,13,293,4,4,3,11,Loyalist,B,New
358,198,11,304,1,3,3,7,Fence-sitter,B,
359,335,3,31,1,1,1,3,Lost,B,
360,476,1,13,1,1,1,3,Lost,B,
361,224,7,217,1,2,2,5,Lost,B,
362,13,7,194,4,2,2,8,Fence-sitter,B,Green
363,11,5,97,4,1,1,6,Fence-sitter,B,New
364,41,11,255,4,3,3,10,Loyalist,B,New
365,69,6,130,4,2,1,7,Fence-sitter,B,Green
366,138,4,93,2,1,1,4,Lost,B,Red
367,64,8,246,4,2,3,9,Fence-sitter,B,New
368,1,15,381,4,4,4,12,Loyalist,B,Red
369,3,16,383,4,4,4,12,Loyalist,B,Green
370,508,5,125,1,1,1,3,Lost,B,
371,276,7,93,1,2,1,4,Lost,B,
372,169,8,206,2,2,2,6,Fence-sitter,B,Red
373,157,14,316,2,4,4,10,Loyalist,B,Red
374,54,14,304,4,4,3,11,Loyalist,B,Red
375,71,13,255,4,4,3,11,Loyalist,B,New
376,131,13,324,2,4,4,10,Loyalist,B,Red
377,328,4,123,1,1,1,3,Lost,B,
378,27,7,129,4,2,1,7,Fence-sitter,B,Red
379,22,10,222,4,3,3,10,Loyalist,B,Green
380,84,6,147,4,2,2,8,Fence-sitter,B,Red
381,95,4,115,3,1,1,5,Lost,B,Red
382,71,5,115,4,1,1,6,Fence-sitter,B,New
383,187,7,210,1,2,2,5,Lost,B,
384,6,17,455,4,4,4,12,Loyalist,B,New
385,114,7,229,3,2,3,8,Fence-sitter,B,Red
386,261,5,146,1,1,2,4,Lost,B,
387,305,2,64,1,1,1,3,Lost,B,
388,247,10,238,1,3,3,7,Fence-sitter,B,
389,389,10,213,1,3,2,6,Fence-sitter,B,
390,112,4,146,3,1,2,6,Fence-sitter,B,Red
391,65,12,351,4,3,4,11,Loyalist,B,New
392,251,3,70,1,1,1,3,Lost,B,
393,326,5,107,1,1,1,3,Lost,B,
394,239,7,205,1,2,2,5,Lost,B,
395,115,8,180,3,2,2,7,Fence-sitter,B,Red
396,16,14,403,4,4,4,12,Loyalist,B,Amber
397,33,10,210,4,3,2,9,Fence-sitter,B,New
398,101,15,394,3,4,4,11,Loyalist,B,Red
399,266,3,36,1,1,1,3,Lost,B,
400,108,3,87,3,1,1,5,Lost,B,Red
401,50,3,21,4,1,1,6,Fence-sitter,B,New
402,1,17,445,4,4,4,12,Loyalist,B,Green
403,248,2,52,1,1,1,3,Lost,B,
404,229,13,289,1,4,3,8,Fence-sitter,B,
405,1068,2,62,1,1,1,3,Lost,B,
406,68,8,173,4,2,2,8,Fence-sitter,B,Green
407,199,10,205,1,3,2,6,Fence-sitter,B,
408,8,8,196,4,2,2,8,Fence-sitter,B,New
409,167,4,139,2,1,2,5,Lost,B,Red
410,7,15,412,4,4,4,12,Loyalist,B,Red
411,59,1,48,4,1,1,6,Fence-sitter,B,New
412,344,4,147,1,1,2,4,Lost,B,
413,244,11,302,1,3,3,7,Fence-sitter,B,
414,532,2,26,1,1,1,3,Lost,B,
415,210,7,140,1,2,2,5,Lost,B,
416,90,13,365,4,4,4,12,Loyalist,B,New
417,75,7,194,4,2,2,8,Fence-sitter,B,Red
418,9,20,541,4,4,4,12,Loyalist,B,Red
419,87,8,176,4,2,2,8,Fence-sitter,B,New
420,109,15,352,3,4,4,11,Loyalist,B,Red
421,9,13,309,4,4,3,11,Loyalist,B,New
422,87,13,323,4,4,4,12,Loyalist,B,Green
423,22,10,250,4,3,3,10,Loyalist,B,Green
424,199,9,160,1,2,2,5,Lost,B,
425,49,14,362,4,4,4,12,Loyalist,B,Red
426,160,4,128,2,1,1,4,Lost,B,Red
427,46,6,177,4,2,2,8,Fence-sitter,B,New
428,76,6,110,4,2,1,7,Fence-sitter,B,New
429,49,15,356,4,4,4,12,Loyalist,B,Red
430,229,2,88,1,1,1,3,Lost,B,
431,9,10,273,4,3,3,10,Loyalist,B,New
432,26,11,219,4,3,2,9,Fence-sitter,B,Green
433,148,3,37,2,1,1,4,Lost,B,Red
434,11,12,304,4,3,3,10,Loyalist,B,Green
435,124,9,209,2,2,2,6,Fence-sitter,B,Red
436,427,8,141,1,2,2,5,Lost,B,
437,82,13,350,4,4,4,12,Loyalist,B,New
438,260,3,102,1,1,1,3,Lost,B,
439,46,12,236,4,3,3,10,Loyalist,B,Red
440,1,5,152,4,1,2,7,Fence-sitter,B,New
441,180,7,173,2,2,2,6,Fence-sitter,B,Red
442,37,15,369,4,4,4,12,Loyalist,B,New
443,324,4,99,1,1,1,3,Lost,B,
444,57,20,457,4,4,4,12,Loyalist,B,Green
445,30,7,202,4,2,2,8,Fence-sitter,B,New
446,226,12,303,1,3,3,7,Fence-sitter,B,
447,394,4,124,1,1,1,3,Lost,B,
448,21,11,240,4,3,3,10,Loyalist,B,New
449,124,9,221,2,2,2,6,Fence-sitter,B,Red
450,43,14,302,4,4,3,11,Loyalist,B,Red
451,23,4,97,4,1,1,6,Fence-sitter,B,New
452,65,9,281,4,2,3,9,Fence-sitter,B,Green
453,204,3,85,1,1,1,3,Lost,B,
454,78,11,359,4,3,4,11,Loyalist,B,Red
455,125,9,189,2,2,2,6,Fence-sitter,B,Red
456,61,20,427,4,4,4,12,Loyalist,B,New
458,22,19,359,4,4,4,12,Loyalist,B,Green
459,168,6,150,2,2,2,6,Fence-sitter,B,Red
460,46,14,357,4,4,4,12,Loyalist,B,New
461,899,2,80,1,1,1,3,Lost,B,
462,11,7,138,4,2,2,8,Fence-sitter,B,New
463,21,18,421,4,4,4,12,Loyalist,B,Green
464,68,12,336,4,3,4,11,Loyalist,B,Green
465,168,9,235,2,2,3,7,Fence-sitter,B,Red
466,3,13,398,4,4,4,12,Loyalist,B,Red
467,55,16,450,4,4,4,12,Loyalist,B,Red
468,270,9,230,1,2,3,6,Fence-sitter,B,
469,48,10,267,4,3,3,10,Loyalist,B,Amber
470,69,12,356,4,3,4,11,Loyalist,B,New
471,91,12,315,3,3,4,10,Loyalist,B,Red
472,77,3,119,4,1,1,6,Fence-sitter,B,Green
473,31,6,211,4,2,2,8,Fence-sitter,B,Green
474,79,16,424,4,4,4,12,Loyalist,B,Green
475,193,12,265,1,3,3,7,Fence-sitter,B,
476,24,4,97,4,1,1,6,Fence-sitter,B,New
477,91,12,354,3,3,4,10,Loyalist,B,Red
478,366,6,147,1,2,2,5,Lost,B,
479,77,10,269,4,3,3,10,Loyalist,B,New
480,121,10,309,2,3,3,8,Fence-sitter,B,Red
481,71,8,158,4,2,2,8,Fence-sitter,B,Green
482,270,7,201,1,2,2,5,Lost,B,
483,10,7,195,4,2,2,8,Fence-sitter,B,New
484,173,11,302,2,3,3,8,Fence-sitter,B,Red
485,3,14,358,4,4,4,12,Loyalist,B,Amber
486,96,12,308,3,3,3,9,Fence-sitter,B,Red
487,61,6,75,4,2,1,7,Fence-sitter,B,Green
488,48,9,254,4,2,3,9,Fence-sitter,B,Green
489,209,10,233,1,3,3,7,Fence-sitter,B,
490,80,5,105,4,1,1,6,Fence-sitter,B,Green
491,130,11,285,2,3,3,8,Fence-sitter,B,Red
492,267,6,201,1,2,2,5,Lost,B,
493,755,2,68,1,1,1,3,Lost,B,
494,174,3,67,2,1,1,4,Lost,B,Red
495,98,13,330,3,4,4,11,Loyalist,B,Red
496,500,3,64,1,1,1,3,Lost,B,
497,47,9,223,4,2,3,9,Fence-sitter,B,Green
498,177,8,177,2,2,2,6,Fence-sitter,B,Red
499,110,6,97,3,2,1,6,Fence-sitter,B,Red
500,133,6,212,2,2,2,6,Fence-sitter,B,Red
